stat	Mean(million)
rawCounts	25.957050222222225
trimmedCounts	25.720251722222223
predupPropPaired	24.403102555555556
dedupPropPair	19.387249944444445
geneCounted	7.500743583333333
