delta.rank	pval	level	nseqs	term	name	p.adj
0	2.70432382050617e-4	3	32	GO:0009206;GO:0009145;GO:0009205;GO:0009144	purine nucleoside triphosphate metabolic process	0.0586838269049839
0	8.48821026531818e-5	2	24	GO:0015986;GO:0006754;GO:0015985;GO:0046034	ATP metabolic process	0.0214893189883639
0	4.37042542217268e-5	2	358	GO:0044711	single-organism biosynthetic process	0.0132773524325606
0	2.09750445743769e-5	2	155	GO:0090407	organophosphate biosynthetic process	0.013096619274223
0	2.58656075198611e-5	2	244	GO:1901135	carbohydrate derivative metabolic process	0.013096619274223
0	4.49152048710552e-6	3	164	GO:1901137	carbohydrate derivative biosynthetic process	0.00682261961991329
0	3.87898610162535e-5	3	39	GO:1902600;GO:0015992;GO:0006818	hydrogen transport	0.0132773524325606
